0,000100;0,152839;-0,205792;0,052953;0,890282;-0,027019;-0,863263
0,000200;0,158361;-0,203472;0,045112;0,871452;0,011158;-0,882610
0,000300;0,163657;-0,200863;0,037206;0,851384;0,049319;-0,900703
0,000400;0,168722;-0,197969;0,029247;0,830106;0,087410;-0,917517
0,000500;0,173546;-0,194793;0,021247;0,807649;0,125377;-0,933026
0,000600;0,178124;-0,191341;0,013217;0,784044;0,163166;-0,947210
0,000700;0,182449;-0,187616;0,005168;0,759324;0,200723;-0,960047
0,000800;0,186514;-0,183625;-0,002889;0,733526;0,237995;-0,971520
0,000900;0,190314;-0,179373;-0,010941;0,706685;0,274928;-0,981613
0,001000;0,193844;-0,174867;-0,018978;0,678840;0,311471;-0,990311
0,001100;0,197099;-0,170111;-0,026988;0,650030;0,347571;-0,997601
0,001200;0,200073;-0,165114;-0,034959;0,620297;0,383177;-1,003,474
0,001300;0,202763;-0,159882;-0,042881;0,589682;0,418239;-1,007,921
0,001400;0,205165;-0,154424;-0,050742;0,558229;0,452706;-1,010,936
0,001500;0,207276;-0,148745;-0,058530;0,525983;0,486530;-1,012,513
0,001600;0,209091;-0,142855;-0,066236;0,492990;0,519663;-1,012,653
0,001700;0,210610;-0,136763;-0,073847;0,459295;0,552057;-1,011,353
0,001800;0,211830;-0,130476;-0,081354;0,424949;0,583667;-1,008,615
0,001900;0,212748;-0,124003;-0,088745;0,389998;0,614447;-1,004,445
0,002000;0,213364;-0,117354;-0,096010;0,354493;0,644354;-0,998847
0,002100;0,213677;-0,110539;-0,103138;0,318484;0,673346;-0,991830
0,002200;0,213686;-0,103566;-0,110120;0,282023;0,701380;-0,983403
0,002300;0,213392;-0,096447;-0,116945;0,245161;0,728418;-0,973579
0,002400;0,212794;-0,089190;-0,123604;0,207951;0,754421;-0,962372
0,002500;0,211894;-0,081806;-0,130088;0,170445;0,779352;-0,949796
0,002600;0,210693;-0,074307;-0,136386;0,132697;0,803175;-0,935871
0,002700;0,209192;-0,066701;-0,142491;0,094760;0,825857;-0,920617
0,002800;0,207394;-0,059001;-0,148393;0,056688;0,847365;-0,904053
0,002900;0,205302;-0,051217;-0,154085;0,018537;0,867669;-0,886206
0,003000;0,202917;-0,043360;-0,159557;-0,019642;0,886740;-0,867098
0,003100;0,200245;-0,035442;-0,164803;-0,057792;0,904551;-0,846759
0,003200;0,197287;-0,027473;-0,169815;-0,095860;0,921077;-0,825216
0,003300;0,194050;-0,019465;-0,174585;-0,133792;0,936293;-0,802501
0,003400;0,190537;-0,011430;-0,179107;-0,171534;0,950180;-0,778645
0,003500;0,186752;-0,003378;-0,183374;-0,209032;0,962715;-0,753683
0,003600;0,182703;0,004679;-0,187382;-0,246233;0,973883;-0,727650
0,003700;0,178394;0,012729;-0,191122;-0,283084;0,983667;-0,700583
0,003800;0,173831;0,020760;-0,194591;-0,319533;0,992053;-0,672520
0,003900;0,169021;0,028763;-0,197784;-0,355528;0,999029;-0,643501
0,004000;0,163972;0,036724;-0,200696;-0,391018;1,004,586;-0,613568
0,004100;0,158689;0,044633;-0,203322;-0,425952;1,008,715;-0,582763
0,004200;0,153180;0,052479;-0,205659;-0,460280;1,011,411;-0,551130
0,004300;0,147454;0,060250;-0,207705;-0,493955;1,012,669;-0,518714
0,004400;0,141519;0,067936;-0,209455;-0,526927;1,012,488;-0,485561
0,004500;0,135382;0,075525;-0,210907;-0,559151;1,010,869;-0,451717
0,004600;0,129053;0,083007;-0,212060;-0,590580;1,007,812;-0,417232
0,004700;0,122540;0,090371;-0,212911;-0,621170;1,003,324;-0,382154
0,004800;0,115854;0,097606;-0,213460;-0,650878;0,997410;-0,346533
0,004900;0,109003;0,104703;-0,213705;-0,679660;0,990079;-0,310419
0,005000;0,101996;0,111650;-0,213647;-0,707476;0,981341;-0,273864
0,005100;0,094845;0,118440;-0,213285;-0,734288;0,971208;-0,236920
0,005200;0,087559;0,125061;-0,212620;-0,760055;0,959695;-0,199639
0,005300;0,080149;0,131504;-0,211653;-0,784743;0,946818;-0,162075
0,005400;0,072625;0,137760;-0,210385;-0,808315;0,932596;-0,124280
0,005500;0,064997;0,143821;-0,208818;-0,830739;0,917048;-0,086309
0,005600;0,057278;0,149677;-0,206954;-0,851982;0,900197;-0,048215
0,005700;0,049477;0,155320;-0,204797;-0,872015;0,882067;-0,010053
0,005800;0,041605;0,160743;-0,202348;-0,890808;0,862684;0,028124
0,005900;0,033674;0,165937;-0,199612;-0,908335;0,842075;0,066261
0,006000;0,025696;0,170896;-0,196592;-0,924572;0,820269;0,104303
0,006100;0,017681;0,175612;-0,193293;-0,939495;0,797297;0,142198
0,006200;0,009641;0,180078;-0,189719;-0,953083;0,773193;0,179890
0,006300;0,001587;0,184288;-0,185875;-0,965316;0,747989;0,217327
0,006400;-0,006469;0,188236;-0,181767;-0,976178;0,721723;0,254455
0,006500;-0,014516;0,191917;-0,177401;-0,985652;0,694431;0,291221
0,006600;-0,022542;0,195325;-0,172783;-0,993726;0,666152;0,327573
0,006700;-0,030536;0,198456;-0,167919;-1,000,387;0,636927;0,363460
0,006800;-0,038487;0,201304;-0,162817;-1,005,627;0,606796;0,398831
0,006900;-0,046383;0,203867;-0,157484;-1,009,438;0,575804;0,433634
0,007000;-0,054213;0,206139;-0,151926;-1,011,814;0,543993;0,467822
0,007100;-0,061967;0,208119;-0,146153;-1,012,753;0,511409;0,501344
0,007200;-0,069632;0,209803;-0,140172;-1,012,252;0,478098;0,534155
0,007300;-0,077198;0,211189;-0,133991;-1,010,313;0,444108;0,566206
0,007400;-0,084654;0,212275;-0,127621;-1,006,939;0,409486;0,597452
0,007500;-0,091990;0,213059;-0,121069;-1,002,133;0,374283;0,627850
0,007600;-0,099196;0,213541;-0,114345;-0,995903;0,338548;0,657355
0,007700;-0,106260;0,213719;-0,107458;-0,988258;0,302332;0,685926
0,007800;-0,113174;0,213593;-0,100419;-0,979209;0,265686;0,713523
0,007900;-0,119926;0,213163;-0,093237;-0,968768;0,228663;0,740105
0,008000;-0,126509;0,212431;-0,085923;-0,956950;0,191314;0,765636
0,008100;-0,132911;0,211397;-0,078486;-0,943773;0,153694;0,790079
0,008200;-0,139125;0,210063;-0,070938;-0,929254;0,115856;0,813399
0,008300;-0,145141;0,208430;-0,063289;-0,913415;0,077852;0,835563
0,008400;-0,150950;0,206500;-0,055550;-0,896278;0,039739;0,856540
0,008500;-0,156545;0,204278;-0,047732;-0,877867;0,001568;0,876299
0,008600;-0,161918;0,201765;-0,039847;-0,858209;-0,036604;0,894813
0,008700;-0,167061;0,198965;-0,031905;-0,837331;-0,074725;0,912056
0,008800;-0,171966;0,195883;-0,023917;-0,815264;-0,112739;0,928003
0,008900;-0,176626;0,192522;-0,015895;-0,792037;-0,150593;0,942631
0,009000;-0,181036;0,188888;-0,007851;-0,767685;-0,188233;0,955919
0,009100;-0,185189;0,184985;0,000204;-0,742243;-0,225606;0,967849
0,009200;-0,189078;0,180819;0,008259;-0,715745;-0,262658;0,978403
0,009300;-0,192699;0,176397;0,016302;-0,688231;-0,299337;0,987568
0,009400;-0,196046;0,171723;0,024322;-0,659738;-0,335590;0,995328
0,009500;-0,199114;0,166806;0,032308;-0,630308;-0,371367;1,001,675
0,009600;-0,201899;0,161652;0,040248;-0,599982;-0,406616;1,006,598
0,009700;-0,204398;0,156267;0,048130;-0,568804;-0,441287;1,010,090
0,009800;-0,206606;0,150661;0,055944;-0,536817;-0,475330;1,012,147
0,009900;-0,208520;0,144841;0,063679;-0,504067;-0,508699;1,012,766
0,010000;-0,210138;0,138815;0,071323;-0,470601;-0,541344;1,011,946
0,010100;-0,211457;0,132592;0,078866;-0,436467;-0,573221;1,009,687
0,010200;-0,212476;0,126180;0,086296;-0,401712;-0,604282;1,005,994
0,010300;-0,213193;0,119589;0,093604;-0,366386;-0,634485;1,000,871
0,010400;-0,213607;0,112828;0,100779;-0,330540;-0,663786;0,994326
0,010500;-0,213717;0,105907;0,107811;-0,294224;-0,692145;0,986368
0,010600;-0,213524;0,098835;0,114690;-0,257489;-0,719519;0,977008
0,010700;-0,213028;0,091622;0,121405;-0,220389;-0,745871;0,966260
0,010800;-0,212228;0,084280;0,127948;-0,182976;-0,771163;0,954139
0,010900;-0,211127;0,076818;0,134310;-0,145303;-0,795359;0,940662
0,011000;-0,209726;0,069246;0,140480;-0,107423;-0,818425;0,925848
0,011100;-0,208027;0,061576;0,146451;-0,069390;-0,840328;0,909718
0,011200;-0,206032;0,053819;0,152213;-0,031259;-0,861037;0,892296
0,011300;-0,203745;0,045985;0,157760;0,006916;-0,880522;0,873606
0,011400;-0,201168;0,038086;0,163082;0,045082;-0,898756;0,853674
0,011500;-0,198305;0,030133;0,168172;0,083184;-0,915713;0,832529
0,011600;-0,195160;0,022137;0,173024;0,121167;-0,931368;0,810201
0,011700;-0,191738;0,014109;0,177629;0,158978;-0,945700;0,786722
0,011800;-0,188044;0,006061;0,181982;0,196564;-0,958688;0,762124
0,011900;-0,184082;-0,001995;0,186077;0,233869;-0,970314;0,736444
0,012000;-0,179859;-0,010048;0,189907;0,270843;-0,980560;0,709717
0,012100;-0,175380;-0,018088;0,193467;0,307432;-0,989414;0,681982
0,012200;-0,170652;-0,026101;0,196753;0,343584;-0,996861;0,653277
0,012300;-0,165681;-0,034077;0,199758;0,379247;-1,002,892;0,623645
0,012400;-0,160475;-0,042005;0,202480;0,414372;-1,007,498;0,593126
0,012500;-0,155041;-0,049873;0,204914;0,448908;-1,010,671;0,561764
0,012600;-0,149386;-0,057671;0,207057;0,482806;-1,012,409;0,529603
0,012700;-0,143520;-0,065386;0,208906;0,516018;-1,012,708;0,496691
0,012800;-0,137449;-0,073009;0,210458;0,548496;-1,011,568;0,463072
0,012900;-0,131183;-0,080527;0,211711;0,580195;-1,008,990;0,428795
0,013000;-0,124731;-0,087932;0,212662;0,611070;-1,004,979;0,393909
0,013100;-0,118101;-0,095211;0,213312;0,641076;-0,999539;0,358463
0,013200;-0,111303;-0,102355;0,213659;0,670171;-0,992679;0,322508
0,013300;-0,104348;-0,109354;0,213702;0,698314;-0,984409;0,286095
0,013400;-0,097244;-0,116197;0,213441;0,725465;-0,974739;0,249274
0,013500;-0,090002;-0,122875;0,212877;0,751584;-0,963685;0,212100
0,013600;-0,082632;-0,129379;0,212010;0,776636;-0,951260;0,174624
0,013700;-0,075144;-0,135698;0,210842;0,800584;-0,937484;0,136901
0,013800;-0,067550;-0,141825;0,209375;0,823394;-0,922376;0,098982
0,013900;-0,059860;-0,147750;0,207610;0,845034;-0,905957;0,060923
0,014000;-0,052084;-0,153466;0,205550;0,865474;-0,888251;0,022777
0,014100;-0,044235;-0,158963;0,203198;0,884683;-0,869283;-0,015401
0,014200;-0,036323;-0,164234;0,200557;0,902635;-0,849079;-0,053557
0,014300;-0,028359;-0,169272;0,197631;0,919305;-0,827668;-0,091637
0,014400;-0,020355;-0,174069;0,194424;0,934668;-0,805082;-0,129586
0,014500;-0,012322;-0,178619;0,190941;0,948703;-0,781351;-0,167352
0,014600;-0,004271;-0,182916;0,187187;0,961390;-0,756510;-0,204880
0,014700;0,003785;-0,186952;0,183167;0,972710;-0,730594;-0,242117
0,014800;0,011837;-0,190723;0,178886;0,982649;-0,703640;-0,279009
0,014900;0,019871;-0,194222;0,174351;0,991191;-0,675685;-0,315505
0,015000;0,027877;-0,197446;0,169568;0,998324;-0,646771;-0,351553
0,015100;0,035844;-0,200389;0,164545;1,004,039;-0,616938;-0,387101
0,015200;0,043759;-0,203047;0,159287;1,008,327;-0,586227;-0,422099
0,015300;0,051613;-0,205417;0,153804;1,011,182;-0,554684;-0,456498
0,015400;0,059393;-0,207494;0,148101;1,012,600;-0,522353;-0,490247
0,015500;0,067089;-0,209277;0,142189;1,012,579;-0,489279;-0,523300
0,015600;0,074689;-0,210763;0,136074;1,011,119;-0,455510;-0,555610
0,015700;0,082183;-0,211949;0,129765;1,008,223;-0,421093;-0,587129
0,015800;0,089561;-0,212834;0,123273;1,003,893;-0,386079;-0,617815
0,015900;0,096811;-0,213416;0,116605;0,998137;-0,350515;-0,647622
0,016000;0,103924;-0,213695;0,109771;0,990963;-0,314454;-0,676509
0,016100;0,110889;-0,213671;0,102782;0,982380;-0,277945;-0,704435
0,016200;0,117696;-0,213342;0,095646;0,972402;-0,241042;-0,731360
0,016300;0,124336;-0,212711;0,088375;0,961041;-0,203796;-0,757245
0,016400;0,130800;-0,211777;0,080978;0,948315;-0,166261;-0,782054
0,016500;0,137077;-0,210543;0,073466;0,934241;-0,128489;-0,805752
0,016600;0,143160;-0,209009;0,065849;0,918840;-0,090535;-0,828305
0,016700;0,149039;-0,207178;0,058139;0,902133;-0,052452;-0,849681
0,016800;0,154707;-0,205053;0,050346;0,884144;-0,014294;-0,869850
0,016900;0,160154;-0,202636;0,042482;0,864898;0,023884;-0,888782
0,017000;0,165375;-0,199932;0,034557;0,844424;0,062028;-0,906451
0,017100;0,170360;-0,196943;0,026584;0,822749;0,100083;-0,922833
0,017200;0,175103;-0,193675;0,018572;0,799906;0,137997;-0,937903
0,017300;0,179597;-0,190131;0,010534;0,775925;0,175714;-0,951640
0,017400;0,183836;-0,186317;0,002481;0,750842;0,213182;-0,964024
0,017500;0,187813;-0,182238;-0,005575;0,724692;0,250347;-0,975039
0,017600;0,191524;-0,177900;-0,013624;0,697512;0,287156;-0,984668
0,017700;0,194963;-0,173310;-0,021653;0,669341;0,323557;-0,992898
0,017800;0,198125;-0,168473;-0,029651;0,640219;0,359498;-0,999717
0,017900;0,201005;-0,163397;-0,037608;0,610187;0,394928;-1,005,115
0,018000;0,203599;-0,158089;-0,045511;0,579288;0,429797;-1,009,085
0,018100;0,205904;-0,152555;-0,053349;0,547566;0,464056;-1,011,621
0,018200;0,207917;-0,146806;-0,061111;0,515065;0,497654;-1,012,720
0,018300;0,209634;-0,140847;-0,068786;0,481833;0,530546;-1,012,379
0,018400;0,211053;-0,134689;-0,076364;0,447916;0,562684;-1,010,600
0,018500;0,212172;-0,128339;-0,083833;0,413362;0,594022;-1,007,384
0,018600;0,212990;-0,121806;-0,091184;0,378221;0,624516;-1,002,737
0,018700;0,213505;-0,115101;-0,098404;0,342543;0,654123;-0,996665
0,018800;0,213716;-0,108232;-0,105485;0,306377;0,682800;-0,989177
0,018900;0,213624;-0,101209;-0,112416;0,269777;0,710506;-0,980283
0,019000;0,213229;-0,094042;-0,119187;0,232793;0,737203;-0,969996
0,019100;0,212530;-0,086742;-0,125788;0,195478;0,762853;-0,958331
0,019200;0,211529;-0,079318;-0,132211;0,157885;0,787418;-0,945303
0,019300;0,210228;-0,071782;-0,138446;0,120068;0,810864;-0,930933
0,019400;0,208628;-0,064144;-0,144484;0,082081;0,833158;-0,915239
0,019500;0,206732;-0,056414;-0,150317;0,043977;0,854269;-0,898245
0,019600;0,204541;-0,048605;-0,155937;0,005810;0,874165;-0,879975
0,019700;0,202060;-0,040726;-0,161335;-0,032365;0,892819;-0,860454
0,019800;0,199292;-0,032789;-0,166503;-0,070494;0,910204;-0,839710
0,019900;0,196241;-0,024806;-0,171435;-0,108523;0,926296;-0,817773
0,020000;0,192911;-0,016787;-0,176124;-0,146399;0,941072;-0,794673
0,020050;0,023234;-0,051096;0,027861;-0,140879;0,815954;-0,675075
0,020118;-0,144395;-0,089718;0,234113;-0,108975;0,535226;-0,426251
0,020218;-0,265769;-0,127270;0,393039;-0,034360;0,028678;0,005681
0,020318;-0,215551;-0,132668;0,348219;0,036727;-0,356843;0,320116
0,020418;-0,091600;-0,118936;0,210536;0,052604;-0,369060;0,316456
0,020518;-0,029681;-0,112928;0,142609;0,002738;-0,026558;0,023820
0,020618;-0,107480;-0,135658;0,243139;-0,076313;0,403759;-0,327445
0,020718;-0,293437;-0,187602;0,481039;-0,128552;0,604479;-0,475927
0,020818;-0,475198;-0,249243;0,724442;-0,119280;0,435925;-0,316645
0,020918;-0,544949;-0,296032;0,840981;-0,059561;0,031412;0,028149
0,021018;-0,478854;-0,316606;0,795460;0,002762;-0,305598;0,302836
0,021118;-0,353494;-0,321048;0,674541;0,018401;-0,324760;0,306359
0,021218;-0,288599;-0,333342;0,621941;-0,027529;-0,010141;0,037670
0,021318;-0,358613;-0,373692;0,732305;-0,104884;0,409957;-0,305072
0,021418;-0,537451;-0,443568;0,981019;-0,160418;0,629316;-0,468898
0,021518;-0,716171;-0,524280;1,240,451;-0,156132;0,484749;-0,328617
0,021618;-0,780509;-0,590039;1,370,547;-0,096430;0,072780;0,023650
0,021718;-0,692394;-0,626113;1,318,507;-0,024813;-0,320146;0,344959
0,021818;-0,517294;-0,639128;1,156,422;0,007175;-0,421962;0,414787
0,021918;-0,378361;-0,652287;1,030,648;-0,023688;-0,166753;0,190442
0,022018;-0,370582;-0,689064;1,059,646;-0,096491;0,261944;-0,165453
0,022118;-0,495970;-0,757032;1,253,002;-0,161769;0,564581;-0,402811
0,022218;-0,664940;-0,843158;1,508,098;-0,176862;0,538113;-0,361251
0,022318;-0,761426;-0,923595;1,685,021;-0,135621;0,215662;-0,080041
0,022418;-0,724356;-0,980680;1,705,037;-0,071569;-0,163951;0,235520
0,022518;-0,587691;-1,014,957;1,602,647;-0,032902;-0,331285;0,364187
0,022618;-0,452001;-1,043,862;1,495,863;-0,047765;-0,178298;0,226063
0,022718;-0,409846;-1,088,437;1,498,283;-0,104754;0,169679;-0,064925
0,022818;-0,479500;-1,157,898;1,637,398;-0,162222;0,450553;-0,288331
0,022918;-0,594288;-1,243,215;1,837,503;-0,179098;0,457904;-0,278806
0,023018;-0,653860;-1,324,138;1,977,999;-0,144705;0,189445;-0,044740
0,023118;-0,599137;-1,384,339;1,983,476;-0,086178;-0,154233;0,240411
0,023218;-0,456235;-1,423,582;1,879,817;-0,048470;-0,317368;0,365839
0,023318;-0,317846;-1,458,115;1,775,961;-0,061670;-0,175071;0,236741
0,023418;-0,275914;-1,509,026;1,784,940;-0,119216;0,176312;-0,057097
0,023518;-0,354368;-1,586,986;1,941,354;-0,182504;0,488212;-0,305709
0,023618;-0,490238;-1,684,298;2,174,536;-0,208325;0,537234;-0,328909
0,023718;-0,576491;-1,779,888;2,356,378;-0,179347;0,283283;-0,103936
0,023818;-0,535891;-1,853,634;2,389,526;-0,115972;-0,103729;0,219700
0,023918;-0,373528;-1,899,852;2,273,381;-0,061457;-0,365644;0,427101
0,024018;-0,171470;-1,930,525;2,101,995;-0,051285;-0,337698;0,388983
0,024118;-0,030463;-1,966,269;1,996,732;-0,088738;-0,060525;0,149263
0,024218;-0,000769;-2,021,703;2,022,472;-0,143784;0,255092;-0,111307
0,024318;-0,050894;-2,095,655;2,146,549;-0,175498;0,382366;-0,206868
0,024418;-0,094930;-2,172,947;2,267,878;-0,161520;0,239413;-0,077893
0,024518;-0,057190;-2,236,086;2,293,276;-0,113429;-0,057539;0,170969
0,024618;0,073108;-2,278,189;2,205,081;-0,067400;-0,283922;0,351322
0,024718;0,236005;-2,307,807;2,071,803;-0,057378;-0,272140;0,329518
0,024818;0,346776;-2,342,333;1,995,558;-0,090379;-0,032401;0,122780
0,024918;0,359409;-2,394,972;2,035,563;-0,141610;0,256848;-0,115238
0,025018;0,301237;-2,464,812;2,163,576;-0,172639;0,379913;-0,207274
0,025118;0,253854;-2,537,179;2,283,325;-0,159249;0,240448;-0,081198
0,025218;0,294451;-2,593,982;2,299,531;-0,108885;-0,069102;0,177986
0,025318;0,440000;-2,626,581;2,186,581;-0,055295;-0,334002;0,389297
0,025418;0,634366;-2,641,951;2,007,585;-0,034454;-0,370669;0,405123
0,025518;0,787353;-2,657,806;1,870,453;-0,059114;-0,156610;0,215724
0,025618;0,837615;-2,690,197;1,852,582;-0,110102;0,155282;-0,045180
0,025718;0,794750;-2,742,444;1,947,694;-0,150280;0,346623;-0,196343
0,025818;0,731208;-2,803,131;2,071,923;-0,150909;0,287793;-0,136883
0,025918;0,730628;-2,854,404;2,123,776;-0,111547;0,026607;0,084940
0,026018;0,829788;-2,884,500;2,054,712;-0,059535;-0,250000;0,309535
0,026118;0,995092;-2,895,588;1,900,496;-0,029907;-0,351433;0,381340
0,026218;1,149,135;-2,901,553;1,752,417;-0,040411;-0,217866;0,258277
0,026318;1,227,102;-2,917,599;1,690,497;-0,079492;0,041674;0,037818
0,026418;1,222,124;-2,949,312;1,727,188;-0,115473;0,232325;-0,116852
0,026518;1,187,642;-2,988,995;1,801,353;-0,119885;0,215508;-0,095622
0,026618;1,196,310;-3,021,724;1,825,414;-0,087952;0,007273;0,080679
0,026718;1,286,080;-3,036,506;1,750,426;-0,041593;-0,236631;0,278224
0,026818;1,432,694;-3,034,382;1,601,688;-0,013102;-0,336144;0,349246
0,026918;1,568,081;-3,027,619;1,459,538;-0,021540;-0,218178;0,239718
0,027018;1,630,790;-3,030,664;1,399,875;-0,058890;0,030749;0,028141
0,027118;1,611,673;-3,049,446;1,437,773;-0,095827;0,227384;-0,131558
0,027218;1,561,807;-3,076,753;1,514,946;-0,102755;0,223753;-0,120998
0,027318;1,557,017;-3,097,015;1,539,998;-0,070931;0,013145;0,057785
0,027418;1,644,466;-3,097,040;1,452,573;-0,018610;-0,265282;0,283892
0,027518;1,809,354;-3,075,102;1,265,748;0,021958;-0,425374;0,403416
0,027618;1,985,073;-3,041,985;1,056,912;0,027214;-0,364797;0,337583
0,027718;2,099,159;-3,013,389;0,914230;-0,001553;-0,134713;0,136266
0,027818;2,122,218;-2,999,179;0,876962;-0,039853;0,099809;-0,059956
0,027918;2,085,584;-2,997,070;0,911486;-0,057882;0,178413;-0,120531
0,028018;2,056,268;-2,995,023;0,938755;-0,041638;0,057487;-0,015849
0,028118;2,088,142;-2,980,367;0,892224;-0,002207;-0,163549;0,165756
0,028218;2,184,611;-2,948,951;0,764339;0,033065;-0,318186;0,285122
0,028318;2,298,873;-2,907,806;0,608933;0,040768;-0,294431;0,253663
0,028418;2,370,401;-2,869,597;0,499195;0,018310;-0,114192;0,095882
0,028518;2,370,407;-2,843,070;0,472663;-0,014571;0,085460;-0,070889
0,028618;2,323,190;-2,826,511;0,503321;-0,030451;0,153787;-0,123337
0,028718;2,288,285;-2,808,917;0,520632;-0,014236;0,036302;-0,022066
0,028818;2,316,789;-2,777,977;0,461188;0,025903;-0,186021;0,160118
0,028918;2,413,721;-2,729,047;0,315326;0,064436;-0,355506;0,291070
0,029018;2,533,574;-2,668,642;0,135068;0,076796;-0,351231;0,274436
0,029118;2,612,167;-2,609,965;-0,002201;0,056884;-0,175377;0,118493
0,029218;2,611,853;-2,563,682;-0,048171;0,021283;0,048917;-0,070200
0,029318;2,547,858;-2,530,533;-0,017324;-0,002663;0,165596;-0,162933
0,029418;2,477,238;-2,500,980;0,023742;0,003785;0,095951;-0,099736
0,029518;2,458,718;-2,462,032;0,003314;0,037783;-0,107425;0,069642
0,029618;2,512,116;-2,406,330;-0,105786;0,077381;-0,300241;0,222860
0,029718;2,605,869;-2,337,074;-0,268795;0,097405;-0,349897;0,252492
0,029818;2,680,743;-2,265,424;-0,415319;0,087222;-0,228207;0,140985
0,029918;2,692,115;-2,202,429;-0,489686;0,057762;-0,028056;-0,029705
0,030018;2,640,516;-2,151,328;-0,489188;0,033086;0,106027;-0,139113
0,030118;2,569,199;-2,105,671;-0,463528;0,032860;0,082052;-0,114912
0,030218;2,531,459;-2,054,403;-0,477056;0,058432;-0,075453;0,017021
0,030318;2,551,912;-1,990,089;-0,561823;0,092368;-0,246361;0,153992
0,030418;2,609,625;-1,914,278;-0,695347;0,111504;-0,303949;0,192445
0,030518;2,654,732;-1,836,197;-0,818536;0,103865;-0,206833;0,102969
0,030618;2,645,862;-1,765,843;-0,880019;0,077250;-0,027799;-0,049451
0,030718;2,580,931;-1,706,557;-0,874373;0,053425;0,100198;-0,153623
0,030818;2,499,037;-1,652,472;-0,846564;0,052275;0,080926;-0,133201
0,030918;2,452,244;-1,592,675;-0,859569;0,077405;-0,075415;-0,001990
0,031018;2,467,735;-1,519,067;-0,948668;0,113495;-0,259346;0,145850
0,031118;2,527,551;-1,432,299;-1,095,251;0,137172;-0,340221;0,203049
0,031218;2,580,354;-1,341,546;-1,238,809;0,133519;-0,258852;0,125334
0,031318;2,576,729;-1,258,322;-1,318,407;0,106440;-0,068628;-0,037812
0,031418;2,502,915;-1,188,753;-1,314,162;0,075618;0,103316;-0,178934
0,031518;2,389,355;-1,129,718;-1,259,637;0,062466;0,146087;-0,208554
0,031618;2,288,550;-1,071,473;-1,217,078;0,075199;0,041677;-0,116876
0,031718;2,238,485;-1,004,736;-1,233,749;0,103586;-0,125612;0,022026
0,031818;2,237,609;-0,927127;-1,310,483;0,126867;-0,232022;0,105155
0,031918;2,248,579;-0,844450;-1,404,129;0,128867;-0,203199;0,074332
0,032018;2,227,101;-0,766097;-1,461,003;0,109406;-0,065325;-0,044081
0,032118;2,154,535;-0,698043;-1,456,492;0,083942;0,076960;-0,160902
0,032218;2,050,796;-0,638542;-1,412,255;0,071979;0,118340;-0,190319
0,032318;1,958,768;-0,579576;-1,379,192;0,082790;0,029408;-0,112198
0,032418;1,912,123;-0,512899;-1,399,224;0,108756;-0,122903;0,014147
0,032518;1,910,156;-0,436228;-1,473,928;0,130991;-0,224774;0,093783
0,032618;1,917,835;-0,355088;-1,562,747;0,133060;-0,198307;0,065247
0,032718;1,890,876;-0,278996;-1,611,880;0,112826;-0,057759;-0,055067
0,032818;1,807,626;-0,214742;-1,592,884;0,083964;0,100823;-0,184787
0,032918;1,684,820;-0,161603;-1,523,217;0,066168;0,168430;-0,234598
0,033018;1,565,998;-0,111892;-1,454,106;0,071152;0,100617;-0,171769
0,033118;1,490,987;-0,056415;-1,434,572;0,094460;-0,051612;-0,042848
0,033218;1,468,223;0,009070;-1,477,293;0,118817;-0,178874;0,060057
0,033318;1,469,411;0,080946;-1,550,358;0,126472;-0,191167;0,064695
0,033418;1,449,924;0,150376;-1,600,299;0,111636;-0,080567;-0,031068
0,033518;1,380,121;0,209499;-1,589,620;0,084231;0,075175;-0,159406
0,033618;1,265,370;0,256774;-1,522,144;0,062482;0,169478;-0,231960
0,033718;1,140,994;0,297721;-1,438,716;0,059851;0,142638;-0,202489
0,033818;1,046,453;0,340696;-1,387,149;0,075708;0,022355;-0,098063
0,033918;0,997595;0,390837;-1,388,431;0,096267;-0,098823;0,002556
0,034018;0,976710;0,446540;-1,423,249;0,104874;-0,131556;0,026681
0,034118;0,946905;0,500905;-1,447,811;0,094064;-0,053629;-0,040435
0,034218;0,879795;0,546968;-1,426,763;0,070729;0,075853;-0,146582
0,034318;0,776207;0,582843;-1,359,050;0,050818;0,161158;-0,211976
0,034418;0,665059;0,613047;-1,278,106;0,047561;0,140311;-0,187872
0,034518;0,581558;0,645080;-1,226,638;0,061791;0,030135;-0,091926
0,034618;0,540769;0,683785;-1,224,554;0,081309;-0,086136;0,004827
0,034718;0,525807;0,727584;-1,253,392;0,089650;-0,119119;0,029470
0,034818;0,499192;0,769323;-1,268,515;0,077900;-0,037753;-0,040147
0,034918;0,429224;0,801125;-1,230,349;0,051080;0,108222;-0,159302
0,035018;0,312546;0,819811;-1,132,357;0,024607;0,223381;-0,247988
0,035118;0,176901;0,829052;-1,005,954;0,013461;0,233762;-0,247223
0,035218;0,062285;0,836783;-0,899068;0,021816;0,138048;-0,159864
0,035318;-0,006038;0,849764;-0,843726;0,040445;0,006903;-0,047347
0,035418;-0,033688;0,869131;-0,835443;0,053557;-0,068097;0,014540
0,035518;-0,051539;0,890004;-0,838465;0,050048;-0,038806;-0,011242
0,035618;-0,092932;0,905285;-0,812353;0,031076;0,067601;-0,098677
0,035718;-0,170297;0,910810;-0,740513;0,008736;0,170901;-0,179637
0,035818;-0,267691;0,908167;-0,640477;-0,003020;0,197023;-0,194002
0,035918;-0,353963;0,903245;-0,549282;0,001484;0,131065;-0,132549
0,036018;-0,406443;0,901693;-0,495250;0,015733;0,026407;-0,042140
0,036118;-0,427739;0,904660;-0,476921;0,025989;-0,035634;0,009645
0,036218;-0,443621;0,907912;-0,464291;0,021430;-0,005632;-0,015798
0,036318;-0,483815;0,904928;-0,421113;0,002047;0,098016;-0,100063
0,036418;-0,559862;0,891694;-0,331833;-0,021335;0,202608;-0,181274
0,036518;-0,656171;0,869715;-0,213544;-0,034863;0,233807;-0,198944
0,036618;-0,740725;0,845054;-0,104330;-0,031609;0,169220;-0,137612
0,036718;-0,787716;0,824101;-0,036384;-0,016516;0,054504;-0,037988
0,036818;-0,795896;0,809081;-0,013184;-0,002872;-0,029192;0,032064
0,036918;-0,789573;0,796509;-0,006937;-0,002886;-0,022744;0,025630
0,037018;-0,801649;0,779643;0,022006;-0,019138;0,069594;-0,050456
0,037118;-0,850825;0,753181;0,097645;-0,042931;0,184070;-0,141139
0,037218;-0,929016;0,716868;0,212147;-0,060589;0,243059;-0,182471
0,037318;-1,007,593;0,675536;0,332057;-0,063094;0,209454;-0,146360
0,037418;-1,057,639;0,635625;0,422014;-0,052209;0,111264;-0,059055
0,037518;-1,069,650;0,600745;0,468905;-0,038834;0,019777;0,019057
0,037618;-1,058,932;0,569405;0,489527;-0,034978;-0,002091;0,037069
0,037718;-1,053,409;0,536439;0,516969;-0,045213;0,056129;-0,010916
0,037818;-1,073,106;0,496967;0,576140;-0,063699;0,147086;-0,083386
0,037918;-1,116,244;0,449963;0,666281;-0,078775;0,201759;-0,122985
0,038018;-1,161,692;0,398881;0,762811;-0,081627;0,180247;-0,098619
0,038118;-1,185,567;0,348940;0,836627;-0,072730;0,100360;-0,027631
0,038218;-1,179,556;0,303122;0,876434;-0,061424;0,023834;0,037590
0,038318;-1,157,532;0,259837;0,897695;-0,059045;0,010694;0,048351
0,038418;-1,145,657;0,213962;0,931695;-0,070604;0,075086;-0,004482
0,038518;-1,163,175;0,160527;1,002,648;-0,091037;0,174382;-0,083345
0,038618;-1,207,794;0,098394;1,109,399;-0,108683;0,239174;-0,130491
0,038718;-1,256,238;0,031299;1,224,939;-0,113468;0,222448;-0,108980
0,038818;-1,279,668;-0,034501;1,314,170;-0,103943;0,132753;-0,028810
0,038918;-1,263,094;-0,094323;1,357,417;-0,088204;0,028020;0,060184
0,039018;-1,215,203;-0,148022;1,363,225;-0,078146;-0,025119;0,103265
0,039118;-1,161,907;-0,199809;1,361,716;-0,081198;0,002710;0,078488
0,039218;-1,128,450;-0,255138;1,383,588;-0,095408;0,084791;0,010617
0,039318;-1,122,793;-0,316906;1,439,699;-0,111238;0,159185;-0,047946
0,039418;-1,131,748;-0,383652;1,515,400;-0,118616;0,173524;-0,054909
0,039518;-1,132,007;-0,450917;1,582,924;-0,114091;0,121414;-0,007323
0,039618;-1,107,656;-0,514652;1,622,308;-0,103019;0,044868;0,058151
0,039718;-1,061,420;-0,574173;1,635,593;-0,095341;0,002023;0,093318
0,039818;-1,011,799;-0,632510;1,644,309;-0,098164;0,024160;0,074004
0,039918;-0,978582;-0,693983;1,672,565;-0,110543;0,093185;0,017359
0,040018;-0,967600;-0,760819;1,728,419;-0,124212;0,155423;-0,031211
0,040118;-0,965924;-0,831307;1,797,231;-0,129646;0,161218;-0,031571
0,040218;-0,950991;-0,900856;1,851,847;-0,123026;0,101409;0,021617
0,040318;-0,907014;-0,965185;1,872,199;-0,109075;0,014403;0,094672
0,040418;-0,836774;-1,023,356;1,860,131;-0,097750;-0,041070;0,138820
0,040518;-0,760254;-1,078,473;1,838,727;-0,097191;-0,027769;0,124960
0,040618;-0,701014;-1,135,523;1,836,537;-0,107978;0,043622;0,064357
0,040718;-0,669963;-1,197,901;1,867,864;-0,122759;0,122108;0,000651
0,040818;-0,657941;-1,265,051;1,922,992;-0,131445;0,152280;-0,020835
0,040918;-0,642220;-1,332,851;1,975,071;-0,128236;0,112784;0,015452
0,041018;-0,602179;-1,396,424;1,998,603;-0,115498;0,030240;0,085258
0,041118;-0,533062;-1,453,369;1,986,431;-0,101839;-0,040659;0,142498
0,041218;-0,448367;-1,505,151;1,953,519;-0,095902;-0,056028;0,151930
0,041318;-0,369611;-1,555,772;1,925,383;-0,100348;-0,012794;0,113142
0,041418;-0,311112;-1,608,760;1,919,872;-0,110292;0,051114;0,059177
0,041518;-0,270718;-1,664,683;1,935,401;-0,117153;0,085616;0,031538
0,041618;-0,232760;-1,720,932;1,953,693;-0,115021;0,064962;0,050059
0,041718;-0,180639;-1,773,841;1,954,480;-0,104886;0,005534;0,099352
0,041818;-0,109555;-1,821,518;1,931,073;-0,093748;-0,047401;0,141149
0,041918;-0,030066;-1,865,289;1,895,355;-0,089332;-0,053778;0,143110
0,042018;0,040024;-1,908,689;1,868,665;-0,094302;-0,008652;0,102954
0,042118;0,089390;-1,954,749;1,865,359;-0,104187;0,053701;0,050486
0,042218;0,122412;-2,003,554;1,881,142;-0,110486;0,084303;0,026183
0,042318;0,157064;-2,051,872;1,894,808;-0,106726;0,054829;0,051897
0,042418;0,212821;-2,095,159;1,882,338;-0,093110;-0,021642;0,114752
0,042518;0,297097;-2,130,540;1,833,443;-0,076461;-0,099230;0,175691
0,042618;0,399794;-2,158,696;1,758,903;-0,065524;-0,130947;0,196471
0,042718;0,499777;-2,183,348;1,683,571;-0,064992;-0,100898;0,165890
0,042818;0,578688;-2,208,722;1,630,034;-0,072454;-0,034373;0,106828
0,042918;0,632476;-2,236,798;1,604,322;-0,080339;0,020807;0,059532
0,043018;0,672817;-2,266,215;1,593,398;-0,081354;0,027924;0,053430
0,043118;0,717884;-2,293,515;1,575,631;-0,073506;-0,014012;0,087519
0,043218;0,779322;-2,315,736;1,536,414;-0,061177;-0,071680;0,132857
0,043318;0,854750;-2,332,464;1,477,714;-0,051631;-0,103027;0,154658
0,043418;0,930781;-2,345,902;1,415,121;-0,049591;-0,088056;0,137647
0,043518;0,993926;-2,358,998;1,365,073;-0,053836;-0,042623;0,096459
0,043618;1,041,127;-2,373,065;1,331,938;-0,058220;-0,005768;0,063988
0,043718;1,082,188;-2,386,665;1,304,477;-0,056298;-0,010304;0,066603
0,043818;1,132,406;-2,396,588;1,264,181;-0,046147;-0,058268;0,104415
0,043918;1,200,897;-2,400,190;1,199,293;-0,031870;-0,119000;0,150870
0,044018;1,283,229;-2,397,405;1,114,176;-0,020725;-0,151103;0,171828
0,044118;1,363,819;-2,390,924;1,027,105;-0,017940;-0,132311;0,150251
0,044218;1,426,498;-2,384,414;0,957916;-0,022963;-0,075772;0,098734
0,044318;1,465,760;-2,380,004;0,914244;-0,029796;-0,021131;0,050926
0,044418;1,490,721;-2,376,811;0,886089;-0,031175;-0,006879;0,038054
0,044518;1,518,986;-2,371,541;0,852555;-0,023594;-0,043685;0,067279
0,044618;1,564,750;-2,360,724;0,795973;-0,009644;-0,107468;0,117112
0,044718;1,629,451;-2,343,006;0,713555;0,003935;-0,156762;0,152827
0,044818;1,701,332;-2,319,944;0,618611;0,011007;-0,161672;0,150665
0,044918;1,763,944;-2,294,785;0,530841;0,010219;-0,123877;0,113658
0,045018;1,807,370;-2,270,188;0,462817;0,005670;-0,073889;0,068219
0,045118;1,834,278;-2,246,497;0,412218;0,003731;-0,048241;0,044509
0,045218;1,856,829;-2,221,767;0,364938;0,008392;-0,063377;0,054985
0,045318;1,887,085;-2,193,419;0,306334;0,018503;-0,104933;0,086430
0,045418;1,928,102;-2,160,266;0,232164;0,028835;-0,139589;0,110754
0,045518;1,972,136;-2,123,401;0,151266;0,034092;-0,140361;0,106268
0,045618;2,007,075;-2,085,327;0,078252;0,032910;-0,106726;0,073817
0,045718;2,026,182;-2,047,985;0,021803;0,028917;-0,065029;0,036112
0,045818;2,033,848;-2,011,162;-0,022686;0,028123;-0,049077;0,020954
0,045918;2,043,037;-1,972,466;-0,070572;0,034522;-0,075123;0,040601
0,046018;2,066,159;-1,928,930;-0,137229;0,047104;-0,129372;0,082268
0,046118;2,105,886;-1,879,120;-0,226766;0,060415;-0,177002;0,116588
0,046218;2,152,535;-1,824,252;-0,328283;0,068274;-0,186270;0,117996
0,046318;2,189,969;-1,767,526;-0,422443;0,068007;-0,150529;0,082522
0,046418;2,205,970;-1,712,130;-0,493840;0,062209;-0,092662;0,030453
0,046518;2,199,916;-1,659,290;-0,540626;0,056855;-0,049043;-0,007812
0,046618;2,182,583;-1,607,693;-0,574890;0,057144;-0,044598;-0,012546
0,046718;2,168,445;-1,554,613;-0,613832;0,064037;-0,076582;0,012545
0,046818;2,166,035;-1,497,894;-0,668141;0,073883;-0,118124;0,044241
0,046918;2,173,066;-1,437,372;-0,735694;0,081276;-0,138385;0,057109
0,047018;2,179,415;-1,374,782;-0,804633;0,083022;-0,124544;0,041522
0,047118;2,175,410;-1,312,303;-0,863106;0,080329;-0,089938;0,009609
0,047218;2,159,200;-1,250,870;-0,908330;0,077731;-0,063018;-0,014712
0,047318;2,137,871;-1,189,491;-0,948380;0,079591;-0,065621;-0,013970
0,047418;2,121,683;-1,126,075;-0,995609;0,086795;-0,096561;0,009765
0,047518;2,115,840;-1,059,122;-1,056,718;0,096026;-0,132388;0,036362
0,047618;2,115,954;-0,989027;-1,126,927;0,102142;-0,144577;0,042435
0,047718;2,110,633;-0,918005;-1,192,628;0,101916;-0,120558;0,018642
0,047818;2,089,411;-0,848685;-1,240,726;0,096427;-0,073331;-0,023096
0,047918;2,050,327;-0,782339;-1,267,988;0,090382;-0,032725;-0,057657
0,048018;2,001,704;-0,718022;-1,283,682;0,088861;-0,024581;-0,064280
0,048118;1,956,773;-0,653234;-1,303,539;0,093787;-0,052690;-0,041097
0,048218;1,924,875;-0,585645;-1,339,231;0,102631;-0,096252;-0,006379
0,048318;1,905,353;-0,514684;-1,390,669;0,110218;-0,124478;0,014260
0,048418;1,888,306;-0,441909;-1,446,397;0,112323;-0,117836;0,005513
0,048518;1,861,532;-0,369937;-1,491,595;0,108503;-0,080951;-0,027552
0,048618;1,818,702;-0,300713;-1,517,989;0,102215;-0,038375;-0,063840
0,048718;1,763,109;-0,234354;-1,528,755;0,098217;-0,016687;-0,081530
0,048818;1,704,625;-0,169313;-1,535,312;0,099177;-0,025949;-0,073229
0,048918;1,652,333;-0,103692;-1,548,641;0,103919;-0,053623;-0,050296
0,049018;1,608,265;-0,036707;-1,571,558;0,108487;-0,074824;-0,033663
0,049118;1,566,646;0,030767;-1,597,412;0,109186;-0,071053;-0,038132
0,049218;1,518,966;0,096920;-1,615,886;0,105332;-0,043669;-0,061663
0,049318;1,460,928;0,160433;-1,621,361;0,099737;-0,012462;-0,087275
0,049418;1,396,064;0,221527;-1,617,591;0,096589;-0,000635;-0,095954
0,049518;1,333,323;0,281837;-1,615,160;0,098308;-0,017271;-0,081038
0,049618;1,280,382;0,343192;-1,623,574;0,103667;-0,050097;-0,053571
0,049718;1,237,571;0,406173;-1,643,744;0,108545;-0,073794;-0,034750
0,049818;1,196,903;0,469493;-1,666,396;0,108776;-0,067885;-0,040892
0,049918;1,147,049;0,530676;-1,677,724;0,103080;-0,031396;-0,071685
0,050018;1,080,840;0,587571;-1,668,411;0,093971;0,016127;-0,110098
0,050118;1,000,107;0,639670;-1,639,778;0,086046;0,047910;-0,133956
0,050218;0,914504;0,688333;-1,602,837;0,082866;0,048089;-0,130956
0,050318;0,835219;0,735779;-1,570,999;0,084630;0,021957;-0,106586
0,050418;0,767974;0,783592;-1,551,567;0,088237;-0,008621;-0,079616
0,050518;0,710064;0,831754;-1,541,818;0,089616;-0,020982;-0,068635
0,050618;0,653251;0,878848;-1,532,099;0,086609;-0,007245;-0,079364
0,050718;0,590160;0,923207;-1,513,367;0,080351;0,021246;-0,101597
0,050818;0,519488;0,964138;-1,483,626;0,074240;0,043335;-0,117575
0,050918;0,446377;1,002,337;-1,448,715;0,071302;0,044102;-0,115405
0,051018;0,377937;1,039,222;-1,417,159;0,071918;0,025799;-0,097717
0,051118;0,317396;1,075,713;-1,393,109;0,073548;0,005872;-0,079420
0,051218;0,261290;1,111,388;-1,372,678;0,072626;0,003761;-0,076388
0,051318;0,201797;1,144,650;-1,346,447;0,067229;0,026236;-0,093465
0,051418;0,132514;1,173,796;-1,306,310;0,058555;0,061970;-0,120525
0,051518;0,053455;1,198,231;-1,251,685;0,050160;0,089302;-0,139461
0,051618;-0,028426;1,218,924;-1,190,498;0,045470;0,091567;-0,137037
0,051718;-0,103654;1,237,790;-1,134,135;0,045379;0,069016;-0,114394
0,051818;-0,166549;1,256,396;-1,089,847;0,047605;0,038813;-0,086417
0,051918;-0,218996;1,274,902;-1,055,907;0,048283;0,023169;-0,071452
0,052018;-0,269074;1,291,965;-1,022,890;0,044630;0,034063;-0,078693
0,052118;-0,325526;1,305,654;-0,980128;0,036809;0,065306;-0,102115
0,052218;-0,391941;1,314,733;-0,922792;0,027714;0,097351;-0,125064
0,052318;-0,464657;1,319,413;-0,854757;0,020873;0,111170;-0,132043
0,052418;-0,535638;1,321,091;-0,785453;0,018005;0,101255;-0,119260
0,052518;-0,598150;1,321,300;-0,723150;0,017936;0,078651;-0,096587
0,052618;-0,651135;1,320,652;-0,669517;0,017616;0,062243;-0,079859
0,052718;-0,699299;1,318,512;-0,619213;0,014409;0,064886;-0,079295
0,052818;-0,749082;1,313,597;-0,564515;0,007997;0,084441;-0,092438
0,052918;-0,803618;1,305,025;-0,501407;0,000526;0,106004;-0,106530
0,053018;-0,860418;1,293,018;-0,432600;-0,005061;0,113414;-0,108353
0,053118;-0,913419;1,278,741;-0,365322;-0,007273;0,101503;-0,094230
0,053218;-0,957824;1,263,403;-0,305579;-0,007224;0,080117;-0,072893
0,053318;-0,994095;1,247,279;-0,253184;-0,007879;0,067045;-0,059166
0,053418;-1,028,100;1,229,398;-0,201298;-0,011925;0,075018;-0,063093
0,053518;-1,067,202;1,208,133;-0,140930;-0,019795;0,102175;-0,082380
0,053618;-1,115,031;1,182,304;-0,067273;-0,029284;0,132891;-0,103607
0,053718;-1,168,647;1,152,022;0,016625;-0,037012;0,148382;-0,111370
0,053818;-1,220,147;1,118,679;0,101468;-0,040713;0,139567;-0,098854
0,053918;-1,261,621;1,084,097;0,177524;-0,040729;0,113139;-0,072411
0,054018;-1,290,056;1,049,416;0,240640;-0,039693;0,086698;-0,047005
0,054118;-1,308,873;1,014,485;0,294388;-0,040658;0,076547;-0,035889
0,054218;-1,325,172;0,978139;0,347033;-0,045017;0,086847;-0,041830
0,054318;-1,344,773;0,939124;0,405649;-0,051676;0,107625;-0,055949
0,054418;-1,368,553;0,896992;0,471561;-0,058008;0,122707;-0,064699
0,054518;-1,392,542;0,852346;0,540196;-0,061837;0,121601;-0,059764
0,054618;-1,411,475;0,806302;0,605174;-0,063011;0,106749;-0,043738
0,054718;-1,423,031;0,759592;0,663438;-0,063429;0,091098;-0,027669
0,054818;-1,429,627;0,712005;0,717622;-0,065564;0,088051;-0,022488
0,054918;-1,436,501;0,662559;0,773942;-0,070566;0,101255;-0,030689
0,055018;-1,447,560;0,610294;0,837267;-0,077361;0,121697;-0,044336
0,055118;-1,462,115;0,555078;0,907037;-0,083380;0,134161;-0,050781
0,055218;-1,474,963;0,497843;0,977120;-0,086398;0,128315;-0,041917
0,055318;-1,479,824;0,440043;1,039,781;-0,086148;0,106378;-0,020230
0,055418;-1,473,720;0,382729;1,090,991;-0,084553;0,081844;0,002709
0,055518;-1,459,157;0,325874;1,133,282;-0,084402;0,070154;0,014248
0,055618;-1,442,537;0,268440;1,174,097;-0,087423;0,077967;0,009456
0,055718;-1,429,897;0,209124;1,220,772;-0,093100;0,098617;-0,005517
0,055818;-1,422,922;0,147292;1,275,630;-0,099069;0,116880;-0,017811
0,055918;-1,417,981;0,083418;1,334,563;-0,102775;0,119570;-0,016795
0,056018;-1,408,763;0,018787;1,389,976;-0,103216;0,104444;-0,001228
0,056118;-1,390,603;-0,045349;1,435,951;-0,101547;0,081250;0,020296
0,056218;-1,363,456;-0,108527;1,471,983;-0,100168;0,064429;0,035738
0,056318;-1,331,548;-0,171246;1,502,794;-0,100979;0,062859;0,038120
0,056418;-1,300,115;-0,234457;1,534,573;-0,104081;0,073986;0,030096
0,056518;-1,271,687;-0,298780;1,570,467;-0,107809;0,086334;0,021476
0,056618;-1,244,586;-0,364011;1,608,597;-0,110047;0,088315;0,021732
0,056718;-1,214,615;-0,429289;1,643,904;-0,109823;0,076803;0,033019
0,056818;-1,178,580;-0,493743;1,672,323;-0,108025;0,059266;0,048759
0,056918;-1,136,955;-0,557163;1,694,118;-0,106729;0,048020;0,058709
0,057018;-1,093,712;-0,620151;1,713,863;-0,107630;0,050898;0,056733
0,057118;-1,053,406;-0,683653;1,737,058;-0,110748;0,065169;0,045580
0,057218;-1,017,640;-0,748190;1,765,830;-0,114326;0,079144;0,035182
0,057318;-0,983526;-0,813353;1,796,879;-0,116024;0,080340;0,035683
0,057418;-0,945311;-0,877923;1,823,234;-0,114545;0,064353;0,050191
0,057518;-0,898109;-0,940567;1,838,676;-0,110550;0,038134;0,072417
0,057618;-0,841157;-1,000,612;1,841,769;-0,106218;0,015348;0,090870
0,057718;-0,778351;-1,058,401;1,836,751;-0,103765;0,007142;0,096623
0,057818;-0,715730;-1,114,961;1,830,691;-0,103981;0,014805;0,089176
0,057918;-0,657674;-1,171,272;1,828,946;-0,105791;0,029384;0,076407
0,058018;-0,604426;-1,227,605;1,832,031;-0,107105;0,038318;0,068788
0,058118;-0,552539;-1,283,410;1,835,949;-0,106330;0,034215;0,072115
0,058218;-0,497760;-1,337,763;1,835,523;-0,103441;0,019576;0,083864
0,058318;-0,438186;-1,390,041;1,828,227;-0,099886;0,004278;0,095608
0,058418;-0,375441;-1,440,315;1,815,756;-0,097431;-0,002100;0,099531
0,058518;-0,313137;-1,489,190;1,802,327;-0,096814;0,002591;0,094223
0,058618;-0,253876;-1,537,236;1,791,112;-0,097192;0,011609;0,085583
0,058718;-0,197083;-1,584,442;1,781,525;-0,096777;0,014490;0,082287
0,058818;-0,139289;-1,630,108;1,769,397;-0,094174;0,004964;0,089210
0,058918;-0,076687;-1,673,267;1,749,954;-0,089441;-0,014193;0,103635
0,059018;-0,008067;-1,713,333;1,721,400;-0,084102;-0,032912;0,117014
0,059118;0,064018;-1,750,504;1,686,487;-0,080095;-0,040924;0,121018
0,059218;0,134758;-1,785,623;1,650,865;-0,078403;-0,035103;0,113506
0,059318;0,200255;-1,819,583;1,619,328;-0,078359;-0,021800;0,100159
0,059418;0,260124;-1,852,692;1,592,569;-0,078097;-0,012499;0,090596
0,059518;0,317714;-1,884,431;1,566,717;-0,075839;-0,015910;0,091749
0,059618;0,377804;-1,913,774;1,535,970;-0,071108;-0,032053;0,103161
0,059718;0,443370;-1,939,844;1,496,474;-0,065012;-0,052455;0,117466
0,059818;0,513663;-1,962,444;1,448,781;-0,059439;-0,066175;0,125614
0,059918;0,584850;-1,982,115;1,397,265;-0,055746;-0,067317;0,123064
